{
    "$schema": "https://schema.management.azure.com/schemas/2015-01-01/deploymentParameters.json#",
    "contentVersion": "1.0.0.0",
    "parameters": {
        "sites_se_api_name": {
            "value": null
        },
        "sites_se_function_name": {
            "value": null
        },
        "sites_se_redis_api_name": {
            "value": null
        },
        "Redis_se_redis_api_name": {
            "value": null
        },
        "serverfarms_ASP_se_8cbe_name": {
            "value": null
        },
        "frontdoors_se2015014_name": {
            "value": null
        },
        "serverfarms_paid_function_name": {
            "value": null
        },
        "components_se_monitor_name": {
            "value": null
        },
        "servers_se_mysql_server_name": {
            "value": null
        },
        "storageAccounts_storageaccountse966b_name": {
            "value": null
        },
        "frontdoorwebapplicationfirewallpolicies_sepolicy_name": {
            "value": null
        },
        "actionGroups_Application_Insights_Smart_Detection_name": {
            "value": null
        },
        "dashboards_25559c33_ca0e_43df_bb60_252e10e2cb9d_dashboard_name": {
            "value": null
        },
        "smartdetectoralertrules_failure_anomalies___se_monitor_name": {
            "value": null
        }
    }
}